{
    "train_loss": [
        0.5586572694778442,
        0.4673425453390394,
        0.4239910548414503,
        0.3817190088885171,
        0.3525162389959608,
        0.3097463356001037,
        0.22896951461689813,
        0.20193527500118527,
        0.19299442832384792,
        0.18412530691495962,
        0.17439228498084205,
        0.16538033022199358,
        0.15553760471727165,
        0.1501151302712304,
        0.14572434011314597,
        0.13140189659169743,
        0.14055708266581807,
        0.13441930999500412,
        0.12958591406260217,
        0.1352196396184819,
        0.1351955063449485,
        0.12020364250668458,
        0.11705735286857401,
        0.12484539632286344,
        0.11033821503818035,
        0.11423400214953082,
        0.11137211303732225,
        0.10503864455223083,
        0.10816311656151499,
        0.09700396059559924,
        0.09995575298581805,
        0.10480311577128512,
        0.1113658774963447,
        0.09888203789187329,
        0.09209840549315725,
        0.08250357877622758,
        0.08150727947162731,
        0.08432024946702378,
        0.07463433387290154,
        0.07100510069781116,
        0.07119120012755904,
        0.07071698895442699,
        0.06580920056812466,
        0.06982493907958269,
        0.06668604930250772,
        0.06086993018005576,
        0.06258809565060905,
        0.060146087663780365,
        0.05845108072326652,
        0.05575185715274087,
        0.05502471828966268,
        0.05613117067994816,
        0.05269395937211811,
        0.04836423162796668,
        0.05818939974611359,
        0.0480978392825595,
        0.0533831188576296,
        0.05643695044490908,
        0.05044744366340871,
        0.05002795013386224,
        0.04644753897030439,
        0.045588796429469114,
        0.04634390415011772,
        0.04985262180997857,
        0.0460064757575414,
        0.04459941470064223,
        0.05222395486171756,
        0.04296309492657227,
        0.037518620388050164,
        0.030484321767331235,
        0.028210158568540856,
        0.030234689917814517,
        0.025894874264685702,
        0.02664693675642567,
        0.02794984402933291,
        0.027699026895953077,
        0.019286761732372853
    ],
    "train_acc": [
        0.7125714285714285,
        0.7881428571428571,
        0.8069285714285714,
        0.8185714285714286,
        0.8282142857142857,
        0.8501428571428571,
        0.9024285714285715,
        0.9177857142857143,
        0.9227857142857143,
        0.9262857142857143,
        0.9330714285714286,
        0.9376428571428571,
        0.9392142857142857,
        0.9432142857142857,
        0.9448571428571428,
        0.9497142857142857,
        0.949,
        0.9519285714285715,
        0.9523571428571429,
        0.9528571428571428,
        0.9525,
        0.9573571428571429,
        0.9582857142857143,
        0.9582857142857143,
        0.9607142857142857,
        0.9611428571428572,
        0.9624285714285714,
        0.9645714285714285,
        0.965,
        0.9682857142857143,
        0.967,
        0.9647857142857142,
        0.9613571428571429,
        0.9669285714285715,
        0.9687857142857143,
        0.9719285714285715,
        0.9707142857142858,
        0.9702142857142857,
        0.9731428571428572,
        0.9760714285714286,
        0.9755,
        0.9758571428571429,
        0.9765,
        0.9763571428571428,
        0.9767857142857143,
        0.9786428571428571,
        0.98,
        0.9797142857142858,
        0.9794285714285714,
        0.9807142857142858,
        0.9802142857142857,
        0.9810714285714286,
        0.9822857142857143,
        0.9837857142857143,
        0.9802857142857143,
        0.9844285714285714,
        0.983,
        0.9810714285714286,
        0.9838571428571429,
        0.9836428571428572,
        0.9841428571428571,
        0.9844285714285714,
        0.9851428571428571,
        0.9835714285714285,
        0.9855,
        0.9852857142857143,
        0.9832142857142857,
        0.9870714285714286,
        0.9882857142857143,
        0.9905714285714285,
        0.9915714285714285,
        0.9906428571428572,
        0.9917857142857143,
        0.9918571428571429,
        0.9915,
        0.9913571428571428,
        0.9944285714285714
    ],
    "val_loss": [
        0.4930829981168111,
        0.4595439659754435,
        0.4012618163426717,
        0.35292819078763327,
        0.33491434502601625,
        0.23604157614707946,
        0.21117593177159627,
        0.2057923266092936,
        0.26345435909430187,
        0.16680922015508015,
        0.218020390411218,
        0.15022719426949818,
        0.16697317405541737,
        0.1537267428636551,
        0.14898965414365134,
        0.17338493005434671,
        0.161925593127807,
        0.19645128934582073,
        0.15064932903647424,
        0.1786432839035988,
        0.13816546226541201,
        0.18638794829448063,
        0.14995769917964935,
        0.13128474015990893,
        0.1259665713409583,
        0.1499991813202699,
        0.13896147585908572,
        0.13884913097818694,
        0.11481194347639878,
        0.13822336044410866,
        0.11217820663253467,
        0.1790597132643064,
        0.17071253017584484,
        0.118810121824344,
        0.1158893854568402,
        0.11986713748176893,
        0.10303451511263848,
        0.10533564638594786,
        0.11233026370157798,
        0.11702494706958533,
        0.11303380198280016,
        0.12041341536988814,
        0.18113812757035097,
        0.11685762625187636,
        0.12954615010072787,
        0.09927963051324089,
        0.10451579402635496,
        0.1184275734697779,
        0.08957920817161599,
        0.13498451550553242,
        0.112049472934256,
        0.1232404591118296,
        0.11200673248370488,
        0.11380147491395473,
        0.09907365136096875,
        0.12099389953662952,
        0.16259670092662176,
        0.11561831190685432,
        0.10468977129211028,
        0.13618410119165977,
        0.0887768376916647,
        0.09552768777186672,
        0.10885266677538553,
        0.10897876390380164,
        0.1180442736769716,
        0.10859645081932345,
        0.09775096791361769,
        0.12885216437342267,
        0.115889202553158,
        0.11673923626666267,
        0.11349743830040097,
        0.11850840921575824,
        0.11961296443765362,
        0.11874379131073753,
        0.12774076544369262,
        0.11668347635430594,
        0.13332326995953916
    ],