{
    "train_loss": [
        0.6270901359149388,
        0.5345153879438128,
        0.48311591829572403,
        0.4416424266951425,
        0.40044904497691564,
        0.36503799101284573,
        0.3325678494317191,
        0.3043564500808716,
        0.2766638078519276,
        0.256531034222671,
        0.2491727841922215,
        0.23793315398693085,
        0.22705335051247053,
        0.22025683914763586,
        0.21632617593237333,
        0.22641750849996295,
        0.20725058498978616,
        0.2209967502951622,
        0.21771355891227723,
        0.21027348510282381,
        0.20809819006068367,
        0.20084386791927475,
        0.19942218106133597,
        0.20179170740502222,
        0.19533424819367273,
        0.1953492070181029,
        0.19662489555563245,
        0.1877618609581675,
        0.18092351392337255,
        0.19069896799325942,
        0.1832275535932609,
        0.18117026479329382,
        0.17402632018923758,
        0.17906007096171378,
        0.17197330982344491,
        0.17426169989364487,
        0.1726640911442893,
        0.1659436318065439,
        0.1722608080804348,
        0.16475284690090589,
        0.16379038653629166,
        0.16253418435369218,
        0.168214688207422,
        0.17344245753969464,
        0.16653840110131674,
        0.15973896526864598,
        0.15879596406221388,
        0.15512160863620894,
        0.16178961715102197,
        0.15449591714995248,
        0.15501250994631222,
        0.15729190177576882,
        0.15295776802301406,
        0.15822174497161592,
        0.1598273023239204,
        0.15441966111319405,
        0.15542852491140366,
        0.16103042758362635,
        0.1575699075588158,
        0.1485471431527819,
        0.14854326846769877,
        0.15183913049953324,
        0.15067944014072418,
        0.15013504508137704,
        0.15215608285793236,
        0.14718001369919095,
        0.14699821220551218,
        0.14521346187591552,
        0.14211691603490284,
        0.14332222156439509,
        0.14630122168149268,
        0.14933541243416923,
        0.1443157352081367,
        0.14511870673298835,
        0.14366275130638054,
        0.14459724464161056,
        0.1413551715016365,
        0.14367003445965904,
        0.14212547530020986,
        0.1410715149641037,
        0.14194661390355656,
        0.1429679599063737
    ],
    "train_acc": [
        0.6492142857142857,
        0.7506428571428572,
        0.7785714285714286,
        0.7977142857142857,
        0.8095714285714286,
        0.8236428571428571,
        0.8404285714285714,
        0.8631428571428571,
        0.882,
        0.893,
        0.8987857142857143,
        0.9027142857142857,
        0.9077857142857143,
        0.9123571428571429,
        0.9155,
        0.9155714285714286,
        0.922,
        0.9202857142857143,
        0.9225714285714286,
        0.9253571428571429,
        0.9282142857142858,
        0.929,
        0.9313571428571429,
        0.9301428571428572,
        0.9322857142857143,
        0.9323571428571429,
        0.9324285714285714,
        0.9364285714285714,
        0.9376428571428571,
        0.9360714285714286,
        0.939,
        0.9380714285714286,
        0.9414285714285714,
        0.9397857142857143,
        0.9418571428571428,
        0.9416428571428571,
        0.9425,
        0.9445,
        0.9419285714285714,
        0.9440714285714286,
        0.945,
        0.9456428571428571,
        0.9445,
        0.9417857142857143,
        0.9455,
        0.9466428571428571,
        0.9472857142857143,
        0.9496428571428571,
        0.9457857142857143,
        0.9492857142857143,
        0.9488571428571428,
        0.9471428571428572,
        0.9500714285714286,
        0.9475,
        0.9466428571428571,
        0.9488571428571428,
        0.9493571428571429,
        0.9467142857142857,
        0.9478571428571428,
        0.9511428571428572,
        0.9512142857142857,
        0.9496428571428571,
        0.9501428571428572,
        0.9504285714285714,
        0.9495714285714286,
        0.9512857142857143,
        0.951,
        0.952,
        0.9540714285714286,
        0.9526428571428571,
        0.9511428571428572,
        0.9505,
        0.9519285714285715,
        0.9517857142857142,
        0.9531428571428572,
        0.9520714285714286,
        0.953,
        0.9513571428571429,
        0.9532857142857143,
        0.9531428571428572,
        0.9529285714285715,
        0.9527142857142857
    ],
    "val_loss": [
        0.5621489043235779,
        0.4949014299710592,
        0.4550267992019653,
        0.4293615098794301,
        0.37769817002614336,
        0.345314528465271,
        0.30806725748380026,
        0.3033565581639608,
        0.27639796789487203,
        0.25266327857971194,
        0.2406557430823644,
        0.23950389134883882,
        0.2232904826402664,
        0.2265768225590388,
        0.2302588610649109,
        0.2296997167269389,
        0.23007571105162303,
        0.23179799071947735,
        0.24734101390838623,
        0.23532303881645203,
        0.22939819852511087,
        0.2075449896454811,
        0.22695115516583125,
        0.21452692959705988,
        0.2202126214702924,
        0.19340693213542304,
        0.2052436102628708,
        0.19949100369215012,
        0.1953318221171697,
        0.19219716087977093,
        0.18098652293284734,
        0.17474127904574077,
        0.19792478175957998,
        0.18613012651602426,
        0.18478654851516088,
        0.19751845053831737,
        0.18514975609381992,
        0.17693622622887292,
        0.18292430762449902,
        0.1758016949693362,
        0.20013341500361762,
        0.17767695631583533,
        0.17840560358762741,
        0.19920765348275501,
        0.17296982030073801,
        0.1699985838532448,
        0.16769287250439327,
        0.1771634189685186,
        0.17716155755519866,
        0.16978765871127446,
        0.1725274155139923,
        0.15649695136149724,
        0.16918026987711587,
        0.16614010659853617,
        0.17376827851931254,
        0.16997033590078353,
        0.16927802304426828,
        0.19727312584718068,
        0.16049781535069146,
        0.16951125520467758,
        0.16096305139859518,
        0.16063005868593852,
        0.1698304328918457,
        0.16392968986431758,
        0.1606389305392901,
        0.16510719819863637,
        0.1576573942701022,
        0.15916196821133297,
        0.15950619957844417,
        0.1694539920091629,
        0.1630915756225586,
        0.1695218191544215,
        0.17067468867699306,
        0.1617731148004532,
        0.16167424780130385,
        0.15685957799355188,
        0.15802479418118795,
        0.15642810334761936,
        0.15726874514420827,
        0.1592378088037173,
        0.1584779895146688,
        0.15764172718922298
    ],