{
    "train_loss": [
        0.4538538598418236,
        0.2307481541974204,
        0.19495464088235584,
        0.17776201773541314,
        0.15681551343841213,
        0.14905741441675596,
        0.1417678135250296,
        0.13827324607329708,
        0.14484075573086738,
        0.13813597780678954,
        0.1417241937305246,
        0.14258571822302682,
        0.13761454367211887,
        0.13680978103194918,
        0.14139922202272073,
        0.1398603041086878,
        0.13794343930908612,
        0.13052806118769306,
        0.13291136802626508,
        0.12589005562130895,
        0.1288903544289725,
        0.12796379619943243,
        0.12421659251196043,
        0.12258366242796183,
        0.11957945746609143,
        0.11940888288617134,
        0.12247656675534589,
        0.11449620815047196,
        0.12044768905746085,
        0.11217943429840463,
        0.11620158516722066,
        0.11558937485941818,
        0.11191403109048094,
        0.10646413059319769,
        0.10902283074600357,
        0.10669602873282773,
        0.10283665660023689,
        0.10382563148332494,
        0.09844646463862487,
        0.09442234667497022,
        0.09705776829698257,
        0.09163817367915596,
        0.0913405484173979,
        0.08826295971018927,
        0.08886432279007775,
        0.0820237699151039,
        0.08186202804957117,
        0.07922778537017959,
        0.0789219364481313,
        0.07373140554662262,
        0.0714120513264622,
        0.06939795839147908,
        0.06700808892611947,
        0.06525981633045844,
        0.06302088336646557,
        0.06132554490332093,
        0.06053875573777727,
        0.060377827816775864,
        0.058409671440188375,
        0.05842352334250297
    ],
    "train_acc": [
        0.773,
        0.9075714285714286,
        0.9200714285714285,
        0.9271428571428572,
        0.9339285714285714,
        0.938,
        0.9404285714285714,
        0.9439285714285715,
        0.9395,
        0.9445,
        0.9425,
        0.9395,
        0.9429285714285714,
        0.9421428571428572,
        0.9412142857142857,
        0.9412142857142857,
        0.9442857142857143,
        0.9472142857142857,
        0.9459285714285715,
        0.9490714285714286,
        0.9492857142857143,
        0.9488571428571428,
        0.952,
        0.9497857142857142,
        0.9507857142857142,
        0.9525,
        0.9513571428571429,
        0.9548571428571428,
        0.9540714285714286,
        0.9568571428571429,
        0.9542142857142857,
        0.9554285714285714,
        0.9555714285714285,
        0.9575,
        0.9557142857142857,
        0.9585,
        0.9607142857142857,
        0.9587142857142857,
        0.9621428571428572,
        0.962,
        0.9625714285714285,
        0.9651428571428572,
        0.9659285714285715,
        0.967,
        0.9677142857142857,
        0.97,
        0.971,
        0.9695,
        0.9715,
        0.9725714285714285,
        0.9747142857142858,
        0.9753571428571428,
        0.9764285714285714,
        0.9770714285714286,
        0.9785714285714285,
        0.9787142857142858,
        0.9802142857142857,
        0.981,
        0.9807857142857143,
        0.9813571428571428
    ],
    "val_loss": [
        0.28034137543042503,
        0.2107910438776016,
        0.18372164320945739,
        0.15429274916648864,
        0.13940012359619142,
        0.1781138572692871,
        0.13292863458395004,
        0.11438859166701634,
        0.13622159817814827,
        0.14840793430805208,
        0.1610278706153234,
        0.12202444992462794,
        0.18808516335487366,
        0.1326902372042338,
        0.2941959335009257,
        0.13497407815853754,
        0.13869059845805168,
        0.1500097869137923,
        0.14262601947784423,
        0.11380938011407853,
        0.15128396199146907,
        0.1477872222761313,
        0.13671803701917332,
        0.1076562829564015,
        0.1097364158630371,
        0.1070104515850544,
        0.15968527111411096,
        0.13905542733271917,
        0.09260499256849289,
        0.10875622554620107,
        0.10484257278839747,
        0.10773465633392335,
        0.17674701511859894,
        0.11953842413425446,
        0.12213296304146448,
        0.1282117774883906,
        0.08896812518437704,
        0.0976410390685002,
        0.09975640213986238,
        0.08723975665370623,
        0.08880728471279144,
        0.10276325890421867,
        0.08212390166024366,
        0.09686882053315639,
        0.0847762336830298,
        0.07911591276526451,
        0.07819823734462261,
        0.0816660574277242,
        0.07478098963697752,
        0.07688580672939618,
        0.0747343951066335,
        0.08012891613443693,
        0.0718802531659603,
        0.07280723347763221,
        0.07234295949339867,
        0.07057880084216595,
        0.06988658126691977,
        0.07047188092271486,
        0.07028878639141718,
        0.07034047814210256
    ],
    "val_acc": [
        0.8856666666666667,
        0.909,
        0.9193333333333333,
        0.9336666666666666,
        0.9423333333333334,
        0.9276666666666666,
        0.9466666666666667,
        0.952,
        0.9396666666666667,
        0.942,
        0.9333333333333333,
        0.9493333333333334,
        0.9056666666666666,
        0.9503333333333334,
        0.891,
        0.9443333333333334,
        0.9383333333333334,
        0.9343333333333333,
        0.9323333333333333,
        0.9523333333333334,
        0.93,
        0.9383333333333334,
        0.9446666666666667,
        0.9563333333333334,
        0.9536666666666667,
        0.9593333333333334,
        0.928,
        0.9496666666666667,
        0.9686666666666667,
        0.9613333333333334,
        0.962,
        0.9576666666666667,
        0.926,
        0.9566666666666667,
        0.9536666666666667,
        0.9413333333333334,
        0.967,
        0.9586666666666667,
        0.9566666666666667,
        0.9703333333333334,
        0.9703333333333334,
        0.9566666666666667,
        0.9746666666666667,
        0.9573333333333334,
        0.971,
        0.974,
        0.9733333333333334,
        0.9733333333333334,
        0.9773333333333334,
        0.9763333333333334,
        0.9766666666666667,
        0.9706666666666667,
        0.9756666666666667,
        0.9753333333333334,
        0.977,
        0.9786666666666667,
        0.9776666666666667,
        0.9763333333333334,
        0.9773333333333334,
        0.9766666666666667
    ]
}