{
    "train_loss": [
        0.6587179160118103,
        0.5843662345409393,
        0.5563788652420044,
        0.574583067893982,
        0.5575946211814881,
        0.5556445991992951,
        0.5592418313026428,
        0.5528489291667938,
        0.542885332107544,
        0.5392654919624329,
        0.5505062532424927,
        0.539326685667038,
        0.5381295621395111,
        0.5353559339046479,
        0.5591167938709259,
        0.554165849685669,
        0.5355888175964355,
        0.5578904485702515,
        0.5451208162307739,
        0.5450975155830383,
        0.539857006072998,
        0.5558002662658691,
        0.5510963726043702
    ],
    "train_acc": [
        0.57375,
        0.73375,
        0.7575,
        0.75375,
        0.75375,
        0.7725,
        0.765,
        0.78,
        0.75875,
        0.78625,
        0.7725,
        0.7975,
        0.78125,
        0.79875,
        0.7775,
        0.7775,
        0.79375,
        0.76375,
        0.77875,
        0.7775,
        0.7775,
        0.765,
        0.78625
    ],
    "val_loss": [
        0.6315895128250122,
        0.542949914932251,
        0.5340309858322143,
        0.5313800168037415,
        0.5462981486320495,
        0.5239965856075287,
        0.5433254373073578,
        0.523322696685791,
        0.5012320375442505,
        0.5345140171051025,
        0.5267199730873108,
        0.504780946969986,
        0.5381203436851502,
        0.5011634051799774,
        0.547621545791626,
        0.5236561989784241,
        0.5036423528194427,
        0.5328882575035095,
        0.5070169830322265,
        0.5213420534133911,
        0.5281588220596314,
        0.5360013818740845,
        0.5264903795719147
    ],
    "val_acc": [
        0.77,
        0.77,
        0.81,
        0.815,
        0.79,
        0.79,
        0.74,
        0.82,
        0.765,
        0.82,
        0.79,
        0.795,
        0.825,
        0.795,
        0.775,
        0.805,
        0.78,
        0.825,
        0.78,
        0.8,
        0.815,
        0.77,
        0.8
    ]
}